Trial #,Slope,Sediment Type,Rock,Position,% Change in Cyano,% Change in Green,% Change in Diatom,% Change Mat Thickness,% Change AFDM,Shear Velocity (m/s),Shear Stress (Pa)
1,High,None,R01_T01,Front,-75.45582048,0,-90.21827001,-90,-100,0.446,198.83
1,High,None,R01_T01,Back,-75.45582048,0,-90.21827001,-12.5,-60,0.378,142.84
1,High,None,R02_T01,Front,-50.80645161,0,-83.62849272,-66.66666667,-100,0.126,15.841
1,High,None,R02_T01,Back,-50.80645161,0,-83.62849272,-40,-76.47058824,0.422,178.05
1,High,None,R03_T01,Front,-52.22222222,0,-75.90673575,-33.33333333,-100,0.144,20.615
1,High,None,R03_T01,Back,-52.22222222,0,-75.90673575,-87.5,-66.66666667,0.205,41.833
1,High,None,R04_T01,Front,-71.32486388,0,-94.28861102,-100,-100,0.25,62.677
1,High,None,R04_T01,Back,-71.32486388,0,-94.28861102,-80,-87.5,0.372,138.37
1,High,None,R05_T01,Front,-45.65701559,0,-70.39757995,-91.66666667,-100,0.148,22.031
1,High,None,R05_T01,Back,-45.65701559,0,-70.39757995,-54.54545455,-57.14285714,0.241,58.223
2,Medium,None,R01_T02,Front,-57.96064401,0,-75.61361837,-57.14285714,-100,0.176,30.924
2,Medium,None,R01_T02,Back,-57.96064401,0,-75.61361837,-63.63636364,-100,0.304,92.262
2,Medium,None,R02_T02,Front,-62.83309958,0,-75.78947368,-10,-25,0.108,11.625
2,Medium,None,R02_T02,Back,-62.83309958,0,-75.78947368,-42.85714286,-100,0.0754,5.6874
2,Medium,None,R03_T02,Front,-46.80851064,0,-73.80388441,-66.66666667,-84.61538462,0.165,27.201
2,Medium,None,R03_T02,Back,-46.80851064,0,-73.80388441,-71.42857143,-100,0.336,113.18
2,Medium,None,R04_T02,Front,-50.60483871,0,-79.87012987,-77.77777778,-100,0.168,28.351
2,Medium,None,R04_T02,Back,-50.60483871,0,-79.87012987,-45.45454545,-88.88888889,0.23,53.099
2,Medium,None,R05_T02,Front,-55.8490566,0,-67.30612245,-50,-66.66666667,0.179,32.064
2,Medium,None,R05_T02,Back,-55.8490566,0,-67.30612245,-25,-66.66666667,0.192,36.82
3,Low,None,R01_T03,Front,-40.68767908,DIV0 error,-78.31253714,-50,-66.66666667,0.167,28.046
3,Low,None,R01_T03,Back,-40.68767908,DIV0 error,-78.31253714,-68.75,-83.33333333,0.121,14.556
3,Low,None,R02_T03,Front,-57.57575758,0,-63.27433628,-33.33333333,-50,,
3,Low,None,R02_T03,Back,-57.57575758,0,-63.27433628,-31.25,-92.30769231,0.134,17.85
3,Low,None,R03_T03,Front,-31.29496403,0,-67.46411483,-33.33333333,-100,0.14,19.653
3,Low,None,R03_T03,Back,-31.29496403,0,-67.46411483,-20,50,0.181,32.748
3,Low,None,R04_T03,Front,-43.16109422,DIV0 error,-51.36986301,-22.22222222,-56,0.111,12.301
3,Low,None,R04_T03,Back,-43.16109422,DIV0 error,-51.36986301,-21.42857143,92.30769231,0.141,19.972
3,Low,None,R05_T03,Front,-57.8313253,DIV0 error,-76.99018539,-40,-85.71428571,0.0837,7.0119
3,Low,None,R05_T03,Back,-57.8313253,DIV0 error,-76.99018539,-30.76923077,-91.66666667,0.0729,5.3191
4,High,Sand,R01_T04,Front,-53.94402036,0,-68.18637275,-44.44444444,-81.81818182,0.22,48.652
4,High,Sand,R01_T04,Back,-53.94402036,0,-68.18637275,-33.33333333,-1.11022E-12,0.346,119.51
4,High,Sand,R02_T04,Front,-55.77557756,0,-73.08911589,-66.66666667,-94.44444444,0.224,50.156
4,High,Sand,R02_T04,Back,-55.77557756,0,-73.08911589,-78.57142857,-40,0.272,74.201
4,High,Sand,R03_T04,Front,-63.40425532,0,-74.15682968,-70.58823529,-89.47368421,0.208,43.317
4,High,Sand,R03_T04,Back,-63.40425532,0,-74.15682968,-15.38461538,-71.42857143,0.268,72.045
4,High,Sand,R04_T04,Front,-57.08884688,0,-75.62396007,-61.53846154,-90,0.191,36.514
4,High,Sand,R04_T04,Back,-57.08884688,0,-75.62396007,-53.33333333,-100,0.311,97.002
4,High,Sand,R05_T04,Front,-34.55882353,1525,-41.0472973,-55.55555556,-87.5,0.255,65.174
4,High,Sand,R05_T04,Back,-34.55882353,1525,-41.0472973,-11.11111111,100,0.242,58.432
5,Medium,Sand,R01_T05,Front,-36.8115942,0,-49.5412844,-50,-75,0.23,52.906
5,Medium,Sand,R01_T05,Back,-36.8115942,0,-49.5412844,-44.44444444,-50,0.182,33.304
5,Medium,Sand,R02_T05,Front,-52.82051282,0,-78.52459016,-60,-88.88888889,0.147,21.673
5,Medium,Sand,R02_T05,Back,-52.82051282,0,-78.52459016,-36.36363636,-100,0.434,188.16
5,Medium,Sand,R03_T05,Front,-54.86725664,DIV0 error,-69.64933495,-50,-50,0.203,41.397
5,Medium,Sand,R03_T05,Back,-54.86725664,DIV0 error,-69.64933495,-16.66666667,-77.77777778,0.309,95.459
5,Medium,Sand,R04_T05,Front,-53.33333333,-91.11111111,-53.40909091,0,-100,0.141,19.848
5,Medium,Sand,R04_T05,Back,-53.33333333,-91.11111111,-53.40909091,0,250,0.281,78.882
5,Medium,Sand,R05_T05,Front,-49.19678715,0,-60.38124678,-66.66666667,-100,0.119,14.129
5,Medium,Sand,R05_T05,Back,-49.19678715,0,-60.38124678,0,75,0.17,28.893
6,Low,Sand,R01_T06,Front,-34.082397,0,-54.81758653,-90,-87.5,0.176,30.959
6,Low,Sand,R01_T06,Back,-34.082397,0,-54.81758653,-81.25,-90,0.216,46.697
6,Low,Sand,R02_T06,Front,-66.96428571,0,-88.57142857,-64.70588235,-100,0.084,7.058
6,Low,Sand,R02_T06,Back,-66.96428571,0,-88.57142857,-40,-60,0.107,11.463
6,Low,Sand,R03_T06,Front,-20.41884817,0,-60.46511628,-40,-85.71428571,0.202,40.924
6,Low,Sand,R03_T06,Back,-20.41884817,0,-60.46511628,0,#DIV/0!,0.138,19.147
6,Low,Sand,R04_T06,Front,-67.13091922,0,-75.71785268,0,-100,0.119,14.167
6,Low,Sand,R04_T06,Back,-67.13091922,0,-75.71785268,-16.66666667,-40,0.127,16.149
6,Low,Sand,R05_T06,Front,-45.94594595,0,-44.12811388,-35.71428571,-46.15384615,0.117,13.739
6,Low,Sand,R05_T06,Back,-45.94594595,0,-44.12811388,-18.18181818,-53.84615385,0.238,56.441
7,High,Gravel,R01_T07,Front,-69.65174129,0,-91.07202124,-100,-100,0.221,48.897
7,High,Gravel,R01_T07,Back,-69.65174129,0,-91.07202124,-63.15789474,-95.65217391,0.161,25.824
7,High,Gravel,R02_T07,Front,-42.27129338,0,-82.95218295,-85,-94.11764706,0.208,43.26
7,High,Gravel,R02_T07,Back,-42.27129338,0,-82.95218295,-33.33333333,-94.11764706,0.15,22.428
7,High,Gravel,R03_T07,Front,-8,0,-52.5017135,-84.21052632,-100,0.185,34.215
7,High,Gravel,R03_T07,Back,-8,0,-52.5017135,-81.25,-90.90909091,0.272,74.24
7,High,Gravel,R04_T07,Front,-11,0,-31.93657984,-94.44444444,-100,,
7,High,Gravel,R04_T07,Back,-11,0,-31.93657984,-44.44444444,-83.33333333,0.126,15.98
7,High,Gravel,R05_T07,Front,-65.71428571,0,-87.81021898,-97.91666667,-100,0.274,75.303
7,High,Gravel,R05_T07,Back,-65.71428571,0,-87.81021898,-84.61538462,-100,0.226,51.239
8,Medium,Gravel,R01_T08,Front,-38.44537815,0,-70.85399449,-30.76923077,-95.23809524,0.173,29.765
8,Medium,Gravel,R01_T08,Back,-38.44537815,0,-70.85399449,-64.28571429,-94.73684211,0.157,24.781
8,Medium,Gravel,R02_T08,Front,-7.986111111,0,-85.80786026,-80,-90.90909091,0.204,41.68
8,Medium,Gravel,R02_T08,Back,-7.986111111,0,-85.80786026,-78.57142857,-92.30769231,0.197,38.636
8,Medium,Gravel,R03_T08,Front,-6.140350877,0,-40.16578749,-58.33333333,-68.75,0.135,18.173
8,Medium,Gravel,R03_T08,Back,-6.140350877,0,-40.16578749,-55.55555556,-93.75,0.228,51.868
8,Medium,Gravel,R04_T08,Front,-16.11570248,0,-67.31843575,-95.45454545,-100,0.148,21.766
8,Medium,Gravel,R04_T08,Back,-16.11570248,0,-67.31843575,-66.66666667,-100,0.121,14.751
8,Medium,Gravel,R05_T08,Front,-34.21750663,0,-85.83599574,-68.75,-100,,
8,Medium,Gravel,R05_T08,Back,-34.21750663,0,-85.83599574,-64.28571429,-94.44444444,,
9,Low,Gravel,R01_T09,Front,-2.127659574,0,-82.1875,-23.07692308,-69.56521739,0.123,15.248
9,Low,Gravel,R01_T09,Back,-2.127659574,0,-82.1875,-50,-7.692307692,0.125,15.588
9,Low,Gravel,R02_T09,Front,-20.99236641,0,-82.82300224,-75,-95.65217391,0.108,11.665
9,Low,Gravel,R02_T09,Back,-20.99236641,0,-82.82300224,-75,1400,,
9,Low,Gravel,R03_T09,Front,-25.42857143,0,-82.56315465,-66.66666667,-100,0.106,11.164
9,Low,Gravel,R03_T09,Back,-25.42857143,0,-82.56315465,-40,-56.25,0.133,17.821
9,Low,Gravel,R04_T09,Front,-9.302325581,0,-86.0948668,-70.58823529,-88.88888889,0.129,16.692
9,Low,Gravel,R04_T09,Back,-9.302325581,0,-86.0948668,0,-88.88888889,0.105,11.04
9,Low,Gravel,R05_T09,Front,-62.5,0,-69.17562724,-8.333333333,14.28571429,0.0538,2.8937
9,Low,Gravel,R05_T09,Back,-62.5,0,-69.17562724,-18.18181818,-27.27272727,0.0936,8.7617